event_id,employee_id,event_type,severity,source_ip,dest_ip,timestamp,resolved
5001,1051,login_failure,LOW,192.168.130.200,10.0.55.206,2024-08-10T20:27:32,0
5002,1006,service_restart,MEDIUM,192.168.56.98,192.168.72.49,2024-01-25T05:31:40,0
5003,1024,privilege_escalation,CRITICAL,172.16.152.101,10.0.227.93,2023-01-29T18:38:31,0
5004,1008,anomalous_traffic,CRITICAL,10.1.187.56,192.168.15.33,2023-11-03T22:33:12,1
5005,1040,data_export,CRITICAL,10.1.113.125,10.0.2.27,2024-02-10T19:45:03,1
5006,1063,privilege_escalation,LOW,192.168.248.204,192.168.131.14,2024-12-08T14:02:10,1
5007,1067,data_export,MEDIUM,192.168.223.52,10.1.18.225,2024-02-08T10:04:20,0
5008,1050,anomalous_traffic,HIGH,192.168.55.240,172.16.240.17,2023-12-26T23:27:31,1
5009,1067,data_export,MEDIUM,10.0.19.251,192.168.191.123,2023-08-05T00:04:05,1
5010,1052,data_export,MEDIUM,10.1.52.9,10.0.39.188,2023-03-15T03:49:23,1
5011,1007,privilege_escalation,MEDIUM,172.16.7.190,192.168.244.229,2023-04-10T21:56:34,1
5012,1047,data_export,LOW,192.168.49.114,10.0.25.121,2023-04-24T14:01:10,1
5013,1028,file_access,LOW,172.16.21.60,192.168.0.218,2023-04-19T14:48:01,1
5014,1052,data_export,MEDIUM,172.16.111.125,192.168.76.4,2024-11-07T23:08:38,0
5015,1044,authentication_bypass,LOW,172.16.237.182,192.168.128.63,2024-11-13T05:05:33,1
5016,1043,authentication_bypass,LOW,10.0.56.240,172.16.234.252,2023-02-14T20:25:37,0
5017,1056,authentication_bypass,CRITICAL,10.0.154.233,10.0.123.116,2023-02-11T10:46:58,1
5018,1051,service_restart,MEDIUM,172.16.222.242,192.168.195.116,2024-11-11T11:58:53,1
5019,1062,anomalous_traffic,HIGH,10.1.116.216,172.16.188.203,2023-08-08T04:47:37,1
5020,1068,privilege_escalation,LOW,172.16.76.161,10.0.237.55,2023-01-10T11:12:15,1
5021,1050,login_success,MEDIUM,192.168.200.6,10.1.125.183,2023-01-11T15:23:36,1
5022,1007,anomalous_traffic,LOW,172.16.143.44,10.1.163.93,2024-10-15T06:45:51,0
5023,1025,service_restart,MEDIUM,10.0.41.156,10.0.44.25,2024-01-07T20:21:29,0
5024,1064,anomalous_traffic,HIGH,10.1.223.246,192.168.21.36,2024-05-31T19:38:38,1
5025,1051,authentication_bypass,LOW,10.0.110.33,10.0.47.48,2024-03-13T03:33:26,0
5026,1046,login_success,LOW,10.0.122.228,172.16.145.162,2023-03-18T20:02:05,1
5027,1006,authentication_bypass,HIGH,10.0.253.157,192.168.96.130,2023-04-11T11:49:00,1
5028,1024,network_scan,LOW,172.16.140.171,192.168.128.22,2024-07-01T00:21:55,0
5029,1011,privilege_escalation,HIGH,192.168.37.130,192.168.150.172,2023-05-25T20:34:02,0
5030,1006,login_failure,HIGH,192.168.96.146,172.16.221.245,2024-09-08T01:59:55,1
5031,1046,privilege_escalation,HIGH,192.168.64.245,192.168.247.118,2024-07-26T17:30:50,1
5032,1017,privilege_escalation,HIGH,10.1.58.50,192.168.190.143,2024-02-09T22:57:00,1
5033,1018,anomalous_traffic,HIGH,172.16.244.39,10.1.153.199,2023-07-17T19:49:24,1
5034,1063,file_access,MEDIUM,10.1.25.131,10.1.117.97,2023-06-13T22:40:19,1
5035,1068,data_export,LOW,172.16.108.224,10.1.241.244,2024-03-04T19:13:12,1
5036,1055,network_scan,MEDIUM,10.0.38.24,192.168.38.235,2024-03-14T19:35:16,0
5037,1016,login_failure,MEDIUM,10.0.73.50,192.168.147.61,2023-12-06T10:06:55,0
5038,1029,authentication_bypass,CRITICAL,10.1.194.172,10.0.173.60,2023-09-16T08:02:40,0
5039,1071,network_scan,LOW,10.0.25.225,192.168.105.167,2023-02-15T03:11:58,1
5040,1002,file_access,MEDIUM,10.0.89.190,172.16.2.143,2024-12-03T08:54:22,0
5041,1073,login_failure,MEDIUM,10.0.142.173,10.0.223.152,2024-05-24T03:26:39,1
5042,1054,login_failure,MEDIUM,192.168.239.114,10.0.51.55,2023-05-25T07:48:49,1
5043,1007,service_restart,LOW,10.1.198.7,10.1.190.95,2024-10-20T00:55:39,1
5044,1028,file_access,MEDIUM,10.0.109.39,10.0.5.212,2024-04-30T14:17:24,0
5045,1013,config_change,MEDIUM,192.168.49.58,172.16.70.97,2024-08-19T03:37:18,1
5046,1004,privilege_escalation,MEDIUM,192.168.56.28,10.0.96.220,2023-01-27T16:15:10,0
5047,1042,config_change,LOW,172.16.115.203,10.0.37.217,2024-11-10T03:45:26,1
5048,1002,data_export,HIGH,10.1.85.19,10.0.217.235,2024-10-29T03:08:54,0
5049,1067,login_failure,CRITICAL,10.1.150.31,10.0.173.7,2024-10-05T13:11:30,1
5050,1018,anomalous_traffic,HIGH,10.0.108.182,192.168.237.174,2023-07-02T18:16:20,1
5051,1066,config_change,MEDIUM,10.1.119.110,192.168.51.35,2023-02-23T05:23:24,0
5052,1042,privilege_escalation,LOW,192.168.13.175,172.16.118.20,2023-09-12T14:03:35,0
5053,1060,login_success,LOW,10.0.161.194,10.1.97.129,2023-07-09T19:04:04,1
5054,1067,login_success,MEDIUM,10.1.224.71,10.1.2.175,2023-11-25T13:05:04,0
5055,1047,login_failure,HIGH,172.16.205.135,172.16.60.110,2023-08-26T12:06:09,0
5056,1069,authentication_bypass,MEDIUM,10.1.148.196,10.0.65.156,2024-10-12T16:35:39,1
5057,1002,authentication_bypass,HIGH,172.16.254.109,10.1.248.186,2023-02-02T03:21:40,1
5058,1074,anomalous_traffic,HIGH,10.1.2.55,10.0.245.106,2023-01-01T04:58:00,1
5059,1035,network_scan,MEDIUM,172.16.62.165,192.168.107.198,2024-10-31T07:53:31,0
5060,1004,config_change,LOW,10.1.85.159,192.168.38.100,2024-05-26T15:40:09,1
5061,1003,login_success,LOW,172.16.125.225,172.16.180.105,2023-02-23T11:47:53,0
5062,1015,data_export,HIGH,192.168.232.53,10.0.74.140,2023-10-21T22:40:52,0
5063,1041,config_change,LOW,10.0.211.16,172.16.30.181,2024-06-29T09:58:25,1
5064,1070,config_change,MEDIUM,172.16.24.18,10.0.30.147,2023-03-03T09:37:44,1
5065,1011,privilege_escalation,HIGH,10.0.219.101,10.0.235.65,2023-05-27T22:15:04,0
5066,1048,data_export,CRITICAL,192.168.192.199,10.0.40.252,2023-09-21T02:55:29,0
5067,1066,authentication_bypass,LOW,10.0.154.102,10.0.138.169,2023-06-17T04:25:15,1
5068,1066,login_failure,HIGH,192.168.160.178,172.16.143.29,2023-07-28T02:45:29,0
5069,1056,login_failure,LOW,192.168.175.119,192.168.229.74,2024-07-29T00:38:09,1
5070,1031,data_export,HIGH,10.1.112.6,10.0.246.189,2023-02-23T12:51:42,1
5071,1063,service_restart,MEDIUM,10.1.224.136,10.0.166.43,2024-03-28T03:34:18,1
5072,1058,anomalous_traffic,HIGH,10.0.244.19,10.0.181.32,2024-02-09T12:24:13,1
5073,1051,config_change,LOW,192.168.71.104,10.1.195.129,2023-12-26T12:58:07,1
5074,1030,service_restart,LOW,10.1.190.247,172.16.3.2,2023-05-24T01:29:20,1
5075,1007,data_export,CRITICAL,192.168.193.234,10.1.131.169,2023-06-25T17:12:47,1
5076,1067,authentication_bypass,HIGH,192.168.33.60,172.16.212.167,2023-07-20T21:09:35,1
5077,1004,file_access,LOW,172.16.189.121,10.0.176.212,2024-03-18T03:14:46,1
5078,1074,network_scan,LOW,10.1.247.213,192.168.51.92,2024-08-31T02:15:15,1
5079,1042,authentication_bypass,LOW,10.1.253.240,192.168.179.128,2024-09-14T10:04:02,0
5080,1035,privilege_escalation,LOW,172.16.130.136,192.168.103.247,2024-01-15T20:36:45,1
5081,1043,anomalous_traffic,MEDIUM,10.0.242.42,192.168.18.68,2024-10-31T18:00:04,1
5082,1035,authentication_bypass,MEDIUM,192.168.189.8,172.16.172.20,2023-06-04T01:41:56,1
5083,1050,anomalous_traffic,CRITICAL,192.168.146.55,10.1.233.190,2024-03-05T10:48:02,1
5084,1005,file_access,LOW,192.168.205.193,172.16.91.116,2024-06-24T22:05:58,0
5085,1032,privilege_escalation,MEDIUM,10.1.177.184,10.1.124.53,2024-04-17T06:55:48,1
5086,1011,service_restart,MEDIUM,10.1.41.197,192.168.226.39,2024-11-03T18:22:42,1
5087,1007,data_export,HIGH,192.168.155.47,192.168.167.82,2024-02-06T05:46:58,1
5088,1058,anomalous_traffic,MEDIUM,192.168.92.51,10.0.64.211,2024-06-13T06:05:00,1
5089,1054,authentication_bypass,MEDIUM,10.1.55.239,10.1.160.197,2023-03-24T07:27:14,0
5090,1061,data_export,HIGH,10.0.252.189,10.1.92.66,2023-09-02T04:48:54,1
5091,1027,anomalous_traffic,CRITICAL,10.0.139.27,192.168.81.62,2023-01-11T00:45:13,1
5092,1007,login_success,LOW,10.1.8.35,10.0.98.96,2023-08-31T10:55:12,1
5093,1032,data_export,CRITICAL,172.16.219.143,192.168.216.104,2023-03-29T20:28:02,1
5094,1015,anomalous_traffic,MEDIUM,192.168.64.191,10.0.110.49,2024-11-29T17:12:02,1
5095,1028,data_export,LOW,192.168.186.223,10.1.110.92,2024-07-14T01:32:23,1
5096,1027,privilege_escalation,HIGH,172.16.61.206,10.0.162.101,2024-03-15T02:56:17,0
5097,1022,anomalous_traffic,HIGH,10.1.48.215,10.1.221.161,2023-06-19T17:42:27,1
5098,1039,login_failure,MEDIUM,10.1.124.78,10.1.236.140,2024-07-14T20:29:02,0
5099,1053,login_failure,HIGH,10.0.69.166,192.168.24.65,2024-04-07T14:58:51,0
5100,1052,file_access,MEDIUM,10.0.75.60,10.1.47.19,2024-12-27T11:39:26,1
5101,1051,authentication_bypass,MEDIUM,10.1.120.10,10.0.159.127,2023-12-05T04:37:06,1
5102,1021,privilege_escalation,CRITICAL,172.16.218.33,192.168.51.93,2023-04-04T01:22:58,1
5103,1074,login_failure,MEDIUM,172.16.70.171,192.168.143.66,2023-12-27T16:07:40,0
5104,1021,data_export,HIGH,172.16.159.18,10.1.150.221,2023-08-16T16:14:59,1
5105,1066,privilege_escalation,LOW,10.0.117.63,10.0.68.244,2023-08-27T03:09:57,1
5106,1055,privilege_escalation,CRITICAL,192.168.209.125,192.168.157.97,2023-05-13T16:23:16,1
5107,1057,network_scan,LOW,10.1.194.14,10.0.175.54,2023-02-10T18:33:32,1
5108,1048,login_failure,CRITICAL,172.16.78.33,192.168.80.36,2024-10-22T22:02:21,1
5109,1034,network_scan,LOW,172.16.30.219,10.0.156.157,2024-07-25T06:31:29,1
5110,1024,data_export,LOW,10.1.113.44,192.168.235.114,2024-12-06T15:03:44,1
5111,1035,service_restart,MEDIUM,10.1.39.33,10.1.34.163,2024-08-31T22:13:31,0
5112,1022,file_access,LOW,10.0.53.57,10.0.240.90,2024-02-21T20:21:46,1
5113,1006,login_failure,CRITICAL,10.0.58.193,10.1.171.71,2024-06-15T08:00:37,1
5114,1018,data_export,MEDIUM,10.0.9.141,10.0.246.122,2023-07-08T17:35:34,1
5115,1017,data_export,MEDIUM,10.0.239.169,192.168.121.157,2024-08-21T00:33:09,1
5116,1004,data_export,HIGH,192.168.77.119,10.1.58.203,2023-03-12T00:05:10,0
5117,1059,file_access,LOW,172.16.44.94,10.0.177.104,2023-09-09T04:22:49,0
5118,1019,network_scan,LOW,10.1.98.216,10.1.121.165,2024-06-14T00:07:35,1
5119,1025,file_access,MEDIUM,10.0.104.86,172.16.209.10,2023-11-08T03:18:34,1
5120,1068,authentication_bypass,HIGH,192.168.79.198,192.168.40.19,2024-05-17T21:52:03,1
5121,1024,service_restart,LOW,10.1.175.82,10.0.213.1,2023-05-23T10:53:38,1
5122,1008,file_access,LOW,10.0.87.200,10.1.129.53,2023-01-25T06:50:21,0
5123,1010,file_access,LOW,10.0.92.103,172.16.80.107,2024-02-15T09:32:51,1
5124,1021,anomalous_traffic,CRITICAL,10.1.16.150,172.16.6.47,2024-06-29T17:16:08,0
5125,1032,data_export,LOW,10.0.219.224,192.168.172.251,2024-12-15T08:16:56,0
5126,1068,authentication_bypass,LOW,192.168.130.189,10.0.85.12,2024-10-09T16:24:46,0
5127,1028,authentication_bypass,LOW,192.168.172.59,10.1.101.207,2023-07-03T23:53:25,1
5128,1033,privilege_escalation,CRITICAL,10.0.14.222,192.168.183.26,2023-04-04T16:25:06,1
5129,1024,data_export,HIGH,192.168.233.153,10.1.25.211,2023-08-09T15:45:51,0
5130,1029,authentication_bypass,HIGH,172.16.201.252,172.16.162.83,2023-11-15T23:30:07,0
5131,1019,data_export,MEDIUM,172.16.234.18,172.16.183.10,2024-07-21T04:36:15,1
5132,1044,service_restart,LOW,172.16.143.172,192.168.200.151,2023-02-20T12:22:21,0
5133,1074,data_export,HIGH,10.1.241.229,10.1.225.208,2024-11-16T12:44:28,1
5134,1025,login_failure,CRITICAL,192.168.98.20,192.168.229.225,2024-11-27T10:46:48,0
5135,1052,privilege_escalation,LOW,10.1.129.223,10.0.138.246,2024-02-21T15:18:01,1
5136,1070,login_success,LOW,192.168.54.52,172.16.33.101,2024-05-12T00:28:20,1
5137,1031,service_restart,LOW,192.168.14.45,10.1.125.86,2024-11-26T16:43:01,1
5138,1026,privilege_escalation,CRITICAL,10.1.24.204,172.16.222.196,2023-05-06T12:11:57,1
5139,1037,file_access,LOW,192.168.95.143,172.16.125.99,2023-05-01T01:55:44,1
5140,1024,privilege_escalation,LOW,10.0.37.130,10.0.202.26,2023-11-23T17:16:15,1
5141,1017,service_restart,LOW,192.168.251.108,10.1.235.19,2024-04-07T09:39:12,0
5142,1051,login_failure,HIGH,172.16.101.244,172.16.171.216,2023-12-01T09:13:31,1
5143,1017,privilege_escalation,MEDIUM,192.168.164.147,10.0.184.75,2024-08-01T00:37:10,0
5144,1004,privilege_escalation,MEDIUM,10.1.86.35,172.16.123.97,2023-03-21T05:59:44,1
5145,1036,authentication_bypass,HIGH,172.16.9.226,10.0.104.124,2024-11-26T01:53:27,0
5146,1014,data_export,MEDIUM,172.16.90.251,192.168.192.50,2024-11-25T08:09:55,1
5147,1054,file_access,MEDIUM,192.168.242.186,172.16.190.136,2024-08-06T02:49:04,1
5148,1029,privilege_escalation,LOW,192.168.108.86,10.0.48.115,2024-01-29T20:36:01,0
5149,1017,login_success,MEDIUM,192.168.142.205,10.0.158.72,2024-11-09T06:13:07,1
5150,1018,network_scan,MEDIUM,172.16.20.48,10.0.144.214,2023-01-05T22:39:58,1
5151,1013,authentication_bypass,LOW,192.168.96.207,10.1.209.4,2023-07-13T18:23:55,0
5152,1048,file_access,LOW,10.0.188.46,172.16.246.127,2023-05-04T04:47:46,1
5153,1057,login_success,MEDIUM,172.16.30.42,192.168.86.61,2024-09-25T13:37:29,1
5154,1007,anomalous_traffic,HIGH,172.16.95.42,172.16.53.115,2024-08-06T21:44:18,1
5155,1068,privilege_escalation,LOW,172.16.253.76,192.168.81.210,2024-01-15T07:12:47,1
5156,1004,login_failure,CRITICAL,10.1.141.36,192.168.199.218,2023-09-10T20:17:45,1
5157,1016,authentication_bypass,MEDIUM,172.16.60.171,172.16.240.2,2023-03-04T05:43:18,1
5158,1073,network_scan,LOW,192.168.31.250,10.0.30.156,2024-12-30T02:56:30,1
5159,1029,authentication_bypass,LOW,172.16.89.217,192.168.109.207,2024-11-23T12:49:30,0
5160,1061,login_failure,HIGH,172.16.208.132,10.1.21.82,2024-06-19T08:49:21,0
5161,1051,authentication_bypass,HIGH,192.168.76.226,192.168.65.225,2023-10-07T20:41:22,1
5162,1066,service_restart,LOW,192.168.139.39,192.168.174.151,2024-03-07T04:55:02,1
5163,1002,authentication_bypass,HIGH,172.16.251.68,10.1.242.68,2024-11-17T19:10:00,1
5164,1016,login_success,LOW,192.168.212.195,192.168.81.17,2024-11-09T16:27:09,0
5165,1014,privilege_escalation,HIGH,192.168.233.198,172.16.117.192,2024-09-24T03:35:50,1
5166,1019,service_restart,MEDIUM,10.1.243.5,192.168.193.198,2023-03-23T01:37:43,0
5167,1025,config_change,MEDIUM,10.0.245.71,172.16.165.87,2024-05-03T06:04:22,0
5168,1010,file_access,MEDIUM,10.0.62.179,10.1.153.59,2023-04-04T13:57:59,1
5169,1060,network_scan,LOW,10.0.151.58,10.0.247.205,2024-10-11T23:46:49,0
5170,1072,login_failure,CRITICAL,172.16.52.172,172.16.75.4,2023-01-18T10:35:06,1
5171,1032,file_access,MEDIUM,172.16.151.66,172.16.30.157,2024-04-04T06:01:25,1
5172,1062,data_export,MEDIUM,10.1.40.78,10.0.229.43,2023-05-30T19:35:04,1
5173,1013,login_success,LOW,192.168.202.71,172.16.2.119,2023-01-19T22:23:08,0
5174,1035,config_change,LOW,10.1.87.148,10.1.234.29,2023-05-03T19:34:35,1
5175,1036,service_restart,MEDIUM,10.0.123.147,10.1.157.154,2024-05-13T12:06:33,1
5176,1026,login_failure,CRITICAL,10.1.253.39,172.16.63.234,2024-05-13T06:30:42,1
5177,1073,anomalous_traffic,LOW,10.1.22.209,192.168.63.36,2023-11-15T06:42:19,1
5178,1063,file_access,LOW,10.1.213.129,172.16.56.221,2023-06-04T14:29:25,1
5179,1030,anomalous_traffic,HIGH,192.168.227.35,192.168.202.63,2024-03-08T23:12:44,1
5180,1001,config_change,LOW,10.0.30.231,10.0.231.13,2024-11-24T19:31:44,1
5181,1059,login_failure,HIGH,10.1.217.50,192.168.92.111,2024-08-13T13:01:19,1
5182,1051,login_failure,CRITICAL,10.1.82.158,192.168.86.131,2024-09-04T15:19:09,1
5183,1019,file_access,MEDIUM,10.0.106.244,172.16.122.31,2023-07-24T04:42:46,1
5184,1016,file_access,LOW,10.0.76.36,10.1.181.245,2023-09-17T07:54:18,0
5185,1046,data_export,LOW,10.1.93.197,10.0.92.248,2023-06-17T10:18:50,1
5186,1059,anomalous_traffic,MEDIUM,192.168.35.145,192.168.198.224,2024-09-27T07:39:37,0
5187,1057,authentication_bypass,HIGH,10.0.253.206,172.16.197.91,2023-01-25T15:33:16,1
5188,1024,file_access,MEDIUM,10.0.196.198,10.1.198.80,2024-02-15T07:50:21,0
5189,1013,authentication_bypass,HIGH,192.168.122.121,10.0.107.19,2024-02-25T15:35:06,1
5190,1011,login_failure,MEDIUM,10.0.252.43,192.168.42.209,2024-09-17T19:19:49,1
5191,1072,network_scan,LOW,192.168.243.7,172.16.64.235,2023-06-14T19:17:38,1
5192,1028,login_success,LOW,10.1.61.149,10.0.175.131,2023-03-07T15:50:52,1
5193,1013,service_restart,LOW,10.0.85.107,172.16.138.11,2023-11-14T04:58:47,1
5194,1070,authentication_bypass,CRITICAL,10.0.202.31,10.1.145.197,2023-05-24T22:09:33,0
5195,1072,anomalous_traffic,LOW,10.0.231.239,10.0.33.10,2023-11-14T08:00:19,1
5196,1040,file_access,LOW,10.1.164.221,172.16.200.21,2023-05-23T17:08:09,0
5197,1061,network_scan,LOW,10.0.100.222,192.168.220.136,2024-06-19T11:50:58,1
5198,1026,service_restart,MEDIUM,192.168.5.36,10.0.158.43,2023-10-04T17:31:19,1
5199,1055,authentication_bypass,HIGH,172.16.234.79,10.0.170.96,2024-10-04T18:40:54,1
5200,1016,login_failure,LOW,10.0.191.42,192.168.245.8,2023-02-14T05:37:42,1
5201,1050,authentication_bypass,HIGH,192.168.219.185,10.0.247.83,2024-05-15T23:53:02,1
5202,1013,service_restart,LOW,192.168.245.126,172.16.73.247,2024-09-02T20:17:56,1
5203,1007,anomalous_traffic,HIGH,172.16.53.64,192.168.112.229,2023-11-01T11:11:26,1
5204,1024,file_access,MEDIUM,192.168.159.118,10.1.191.195,2024-10-26T05:55:22,1
5205,1026,file_access,MEDIUM,10.0.83.9,10.0.109.68,2023-01-17T18:03:49,1
5206,1062,login_failure,MEDIUM,172.16.214.192,10.0.88.13,2024-03-12T14:28:37,0
5207,1030,service_restart,MEDIUM,192.168.249.253,192.168.222.240,2023-02-18T18:51:10,0
5208,1060,anomalous_traffic,LOW,192.168.34.93,10.1.119.147,2023-12-29T11:54:56,1
5209,1021,service_restart,MEDIUM,10.1.77.165,172.16.224.76,2023-04-16T22:53:13,1
5210,1074,login_failure,HIGH,10.1.165.157,10.0.130.236,2024-12-31T17:39:11,1
5211,1057,config_change,MEDIUM,192.168.143.128,192.168.101.120,2024-06-19T19:48:40,1
5212,1065,data_export,MEDIUM,172.16.39.158,192.168.234.216,2024-12-12T00:22:21,0
5213,1018,privilege_escalation,MEDIUM,172.16.43.169,172.16.27.239,2024-01-31T03:40:01,0
5214,1063,file_access,LOW,192.168.174.192,10.1.174.12,2023-11-30T03:04:37,0
5215,1047,login_success,MEDIUM,192.168.247.18,10.1.139.154,2023-06-11T02:42:13,1
5216,1071,authentication_bypass,HIGH,172.16.100.207,10.0.181.53,2023-04-23T19:04:46,1
5217,1064,privilege_escalation,HIGH,192.168.30.63,10.0.237.183,2023-04-09T09:39:03,0
5218,1062,privilege_escalation,LOW,10.0.0.85,172.16.181.219,2023-10-15T09:19:51,1
5219,1029,authentication_bypass,MEDIUM,10.1.137.210,10.0.194.99,2024-02-28T15:39:54,1
5220,1014,file_access,MEDIUM,10.0.49.242,10.0.23.204,2023-05-29T18:31:53,1
5221,1051,anomalous_traffic,HIGH,192.168.64.24,10.0.32.223,2024-05-13T03:45:11,1
5222,1032,login_failure,HIGH,172.16.24.136,10.0.205.87,2023-06-30T02:52:03,0
5223,1058,privilege_escalation,CRITICAL,10.0.81.74,172.16.71.44,2023-11-25T01:42:35,0
5224,1042,data_export,HIGH,10.0.29.115,10.0.114.88,2024-08-15T03:45:12,0
5225,1026,login_success,MEDIUM,10.0.21.64,10.0.39.15,2023-12-01T01:56:49,0
5226,1064,data_export,HIGH,10.0.1.198,172.16.70.169,2024-10-19T20:44:41,1
5227,1035,data_export,LOW,172.16.83.167,10.0.113.69,2023-06-29T11:06:36,1
5228,1037,login_failure,LOW,10.0.27.68,10.1.103.63,2023-10-02T03:48:16,1
5229,1040,authentication_bypass,CRITICAL,10.0.34.75,172.16.61.145,2023-10-01T17:54:48,1
5230,1011,anomalous_traffic,HIGH,172.16.109.63,192.168.217.189,2023-07-16T13:29:21,1
5231,1017,authentication_bypass,LOW,192.168.200.25,172.16.144.237,2023-09-29T12:07:25,1
5232,1059,network_scan,LOW,192.168.14.254,10.0.207.189,2024-10-30T11:59:09,1
5233,1014,data_export,CRITICAL,10.1.139.121,172.16.180.73,2024-07-29T01:58:03,1
5234,1005,network_scan,LOW,10.0.196.13,172.16.116.179,2024-01-06T03:04:20,0
5235,1007,privilege_escalation,CRITICAL,10.0.104.183,10.1.162.143,2024-04-29T12:20:36,1
5236,1069,anomalous_traffic,LOW,192.168.78.119,10.1.64.146,2024-01-25T00:18:07,1
5237,1025,login_failure,HIGH,192.168.228.132,192.168.174.10,2024-03-03T08:07:41,0
5238,1059,privilege_escalation,LOW,10.0.253.80,192.168.174.48,2023-11-19T01:37:47,0
5239,1053,anomalous_traffic,HIGH,10.0.112.92,10.0.223.148,2023-10-29T08:54:50,1
5240,1018,config_change,LOW,192.168.139.225,172.16.192.95,2023-03-17T13:14:39,1
5241,1062,anomalous_traffic,CRITICAL,10.0.100.104,192.168.3.23,2023-06-04T11:33:23,0
5242,1004,service_restart,LOW,172.16.197.46,10.0.16.52,2024-11-18T14:36:03,1
5243,1008,login_failure,HIGH,10.1.48.187,172.16.61.243,2023-11-27T22:46:29,1
5244,1066,config_change,LOW,172.16.121.204,10.1.60.124,2024-12-29T19:41:57,1
5245,1073,network_scan,LOW,10.0.222.92,172.16.58.183,2023-07-24T17:42:38,1
5246,1055,file_access,MEDIUM,172.16.159.211,192.168.114.35,2024-04-22T09:10:48,1
5247,1024,anomalous_traffic,HIGH,10.0.110.36,172.16.218.128,2024-09-29T20:57:42,1
5248,1061,login_failure,MEDIUM,10.0.229.184,172.16.119.114,2024-10-29T15:55:43,1
5249,1040,login_success,LOW,10.1.70.65,192.168.76.141,2024-01-05T23:18:19,1
5250,1056,login_failure,MEDIUM,10.0.204.24,172.16.78.65,2024-12-28T09:52:35,1
5251,1044,anomalous_traffic,LOW,172.16.9.85,192.168.48.180,2024-03-24T07:03:45,1
5252,1006,authentication_bypass,CRITICAL,172.16.49.87,10.1.231.62,2024-02-20T17:52:47,1
5253,1013,service_restart,MEDIUM,10.0.50.156,10.1.131.1,2023-11-06T03:54:06,0
5254,1028,anomalous_traffic,MEDIUM,10.1.27.51,10.1.179.84,2024-08-25T11:45:47,0
5255,1033,privilege_escalation,LOW,10.0.252.225,10.1.60.69,2024-09-04T13:30:24,0
5256,1016,data_export,HIGH,192.168.126.164,10.1.7.165,2024-12-21T02:44:54,1
5257,1047,data_export,LOW,172.16.128.143,10.1.179.143,2023-03-10T02:35:19,0
5258,1055,privilege_escalation,HIGH,192.168.142.96,172.16.9.201,2024-08-21T10:50:01,0
5259,1044,anomalous_traffic,CRITICAL,172.16.59.19,172.16.244.59,2023-01-12T04:12:35,1
5260,1068,service_restart,MEDIUM,10.1.187.21,10.0.254.93,2023-06-16T17:42:14,1
5261,1015,authentication_bypass,MEDIUM,172.16.251.88,10.0.168.128,2024-11-11T07:08:51,1
5262,1005,login_failure,MEDIUM,172.16.144.58,192.168.83.211,2024-07-25T19:35:32,0
5263,1073,authentication_bypass,HIGH,192.168.58.24,10.1.170.146,2024-09-01T02:03:42,1
5264,1037,privilege_escalation,CRITICAL,192.168.55.84,192.168.61.246,2024-03-14T12:38:52,0
5265,1010,privilege_escalation,LOW,172.16.46.34,192.168.87.130,2024-07-18T14:50:12,0
5266,1048,data_export,MEDIUM,172.16.124.71,192.168.38.170,2024-06-25T19:18:09,1
5267,1067,login_failure,LOW,172.16.169.230,10.1.197.214,2024-08-19T04:59:09,1
5268,1061,data_export,MEDIUM,192.168.131.196,10.0.201.116,2023-07-03T04:48:26,1
5269,1014,network_scan,MEDIUM,10.0.177.115,192.168.237.84,2024-01-09T06:42:16,1
5270,1025,login_success,LOW,10.1.91.165,10.0.98.109,2023-02-08T18:11:15,0
5271,1056,privilege_escalation,MEDIUM,172.16.131.62,172.16.218.2,2023-08-14T11:07:22,1
5272,1065,data_export,LOW,10.1.27.51,10.1.144.127,2024-06-19T10:37:04,1
5273,1008,data_export,LOW,10.1.36.133,172.16.51.218,2023-07-02T16:39:56,0
5274,1010,login_failure,HIGH,172.16.109.154,192.168.6.101,2023-05-15T05:35:30,1
5275,1064,data_export,LOW,10.0.9.143,192.168.56.5,2023-10-13T21:25:43,1
5276,1042,login_success,LOW,192.168.202.46,10.1.193.114,2024-07-13T01:01:18,0
5277,1063,config_change,LOW,192.168.1.1,10.1.124.198,2023-02-06T05:39:38,0
5278,1001,privilege_escalation,HIGH,172.16.224.201,10.1.230.53,2024-02-16T19:48:20,1
5279,1070,login_failure,HIGH,10.0.13.20,10.0.239.85,2023-08-29T09:15:14,1
5280,1016,login_failure,MEDIUM,10.0.122.105,172.16.123.142,2023-11-05T10:56:33,1
5281,1003,network_scan,MEDIUM,10.1.162.46,192.168.68.2,2023-11-17T02:05:12,1
5282,1034,anomalous_traffic,LOW,10.0.244.240,10.1.213.190,2023-12-29T03:44:54,1
5283,1032,authentication_bypass,LOW,172.16.110.245,10.1.186.73,2024-11-03T10:05:17,1
5284,1054,login_failure,LOW,172.16.193.240,172.16.20.185,2023-05-24T08:03:33,1
5285,1052,anomalous_traffic,HIGH,172.16.143.32,172.16.155.118,2024-06-19T10:10:54,0
5286,1067,authentication_bypass,LOW,10.1.201.225,172.16.18.57,2023-01-06T19:25:24,1
5287,1029,privilege_escalation,HIGH,10.0.206.230,192.168.173.52,2024-04-03T02:00:53,1
5288,1021,data_export,HIGH,192.168.114.62,172.16.108.45,2024-01-06T21:01:44,1
5289,1039,config_change,MEDIUM,192.168.10.20,172.16.235.117,2024-04-04T07:35:24,1
5290,1040,login_failure,HIGH,172.16.137.47,10.0.29.176,2023-11-06T17:54:33,0
5291,1003,privilege_escalation,MEDIUM,10.0.155.14,172.16.8.215,2024-12-28T18:39:58,0
5292,1055,login_failure,MEDIUM,10.0.215.109,192.168.251.43,2023-10-13T05:54:59,0
5293,1018,data_export,HIGH,10.1.240.139,10.0.36.25,2023-07-25T10:59:53,0
5294,1063,login_failure,HIGH,10.1.247.32,10.1.93.237,2023-04-17T13:34:04,1
5295,1031,data_export,LOW,172.16.45.206,172.16.138.31,2024-01-27T06:15:09,1
5296,1057,file_access,LOW,10.0.187.64,192.168.132.35,2023-06-07T05:24:00,0
5297,1055,network_scan,LOW,192.168.235.166,10.1.195.119,2023-08-11T23:31:00,0
5298,1042,anomalous_traffic,HIGH,172.16.40.240,172.16.53.19,2024-01-31T07:35:49,1
5299,1074,data_export,CRITICAL,172.16.165.169,172.16.104.237,2024-01-26T04:17:15,1
5300,1067,anomalous_traffic,LOW,172.16.193.65,10.0.34.209,2023-05-11T03:33:41,1
5301,1073,anomalous_traffic,HIGH,10.1.48.44,10.0.83.210,2024-10-17T14:35:36,1
5302,1013,service_restart,LOW,192.168.131.159,172.16.25.46,2024-12-11T03:04:21,1
5303,1041,login_failure,HIGH,10.1.245.48,192.168.185.171,2023-06-07T01:50:21,1
5304,1037,authentication_bypass,CRITICAL,10.0.188.19,10.0.139.83,2023-04-08T06:43:50,1
5305,1001,anomalous_traffic,MEDIUM,10.1.212.69,172.16.245.196,2024-02-20T11:56:59,1
5306,1008,login_failure,MEDIUM,10.1.110.66,172.16.206.239,2024-11-20T03:46:45,1
5307,1039,authentication_bypass,HIGH,10.0.119.225,192.168.65.46,2023-01-27T09:59:08,1
5308,1056,anomalous_traffic,MEDIUM,172.16.138.164,172.16.109.85,2024-01-03T21:50:39,1
5309,1066,login_success,MEDIUM,10.1.217.93,172.16.207.215,2023-09-29T23:20:08,1
5310,1030,data_export,LOW,192.168.16.176,172.16.147.22,2024-03-27T08:16:18,1
5311,1005,service_restart,MEDIUM,10.1.220.215,10.0.244.188,2024-06-07T11:03:50,1
5312,1062,file_access,LOW,10.1.211.9,172.16.51.248,2024-05-26T10:27:42,1
5313,1065,file_access,LOW,172.16.149.194,10.1.212.161,2024-02-14T03:57:54,1
5314,1072,privilege_escalation,LOW,10.1.100.121,172.16.96.231,2023-09-20T15:33:53,1
5315,1016,authentication_bypass,HIGH,172.16.16.82,192.168.132.196,2023-05-08T21:06:27,1
5316,1030,login_failure,HIGH,10.1.197.112,172.16.217.53,2023-01-04T01:06:10,0
5317,1072,service_restart,MEDIUM,172.16.66.100,192.168.221.181,2024-06-25T00:51:00,1
5318,1070,anomalous_traffic,CRITICAL,192.168.151.102,10.1.217.229,2023-09-22T06:36:48,1
5319,1035,config_change,LOW,10.1.218.183,172.16.70.223,2023-12-26T09:57:09,1
5320,1071,network_scan,LOW,192.168.223.145,10.0.26.201,2023-01-30T04:55:31,0
5321,1010,login_success,LOW,10.1.95.21,192.168.117.214,2024-12-04T00:18:53,0
5322,1044,login_failure,MEDIUM,192.168.63.112,10.1.125.7,2023-05-01T09:12:33,1
5323,1074,data_export,MEDIUM,10.1.132.137,10.0.126.239,2023-10-22T10:59:22,1
5324,1022,login_failure,LOW,10.0.219.44,172.16.244.101,2024-08-04T15:46:41,1
5325,1028,privilege_escalation,LOW,10.1.179.219,192.168.85.17,2024-12-14T14:37:54,1
5326,1040,privilege_escalation,LOW,192.168.64.36,172.16.102.131,2024-10-10T01:00:02,0
5327,1043,authentication_bypass,LOW,192.168.222.74,192.168.192.97,2023-02-15T13:09:08,0
5328,1051,privilege_escalation,MEDIUM,192.168.59.123,10.0.107.36,2024-01-16T08:20:42,1
5329,1001,privilege_escalation,MEDIUM,172.16.144.20,10.0.49.36,2023-05-04T20:18:28,1
5330,1055,login_success,MEDIUM,10.0.92.43,172.16.126.115,2023-02-17T00:29:24,0
5331,1051,data_export,LOW,10.0.78.43,10.0.166.135,2024-10-27T16:47:58,1
5332,1028,file_access,LOW,192.168.36.184,172.16.204.166,2023-11-23T21:56:07,1
5333,1044,privilege_escalation,CRITICAL,10.1.155.93,10.0.203.68,2024-08-30T04:44:08,1
5334,1051,config_change,LOW,172.16.108.77,10.0.139.163,2023-08-28T10:03:30,1
5335,1068,authentication_bypass,LOW,10.1.20.44,172.16.5.52,2024-01-25T07:54:36,0
5336,1025,file_access,MEDIUM,192.168.44.131,192.168.212.238,2023-04-02T05:32:30,0
5337,1048,authentication_bypass,HIGH,172.16.214.161,192.168.92.8,2024-08-09T09:54:18,1
5338,1037,anomalous_traffic,HIGH,172.16.163.131,10.0.4.87,2024-08-20T01:46:38,1
5339,1040,anomalous_traffic,LOW,192.168.224.108,192.168.147.18,2023-01-16T15:16:43,1
5340,1030,authentication_bypass,CRITICAL,172.16.208.44,10.0.56.68,2023-03-04T23:04:49,1
5341,1066,network_scan,MEDIUM,192.168.68.193,192.168.97.56,2024-04-02T23:47:40,0
5342,1035,login_failure,CRITICAL,10.0.78.208,192.168.160.97,2023-08-10T04:23:05,0
5343,1029,service_restart,LOW,192.168.150.201,172.16.70.76,2023-09-06T05:42:13,1
5344,1034,privilege_escalation,MEDIUM,172.16.53.37,172.16.220.207,2024-12-10T05:52:53,1
5345,1062,file_access,MEDIUM,172.16.56.246,172.16.19.142,2024-11-06T06:24:08,0
5346,1037,service_restart,MEDIUM,10.1.17.192,10.0.83.17,2024-06-30T09:58:12,0
5347,1039,data_export,HIGH,10.1.5.224,10.1.67.218,2023-06-08T16:51:36,1
5348,1026,login_failure,LOW,10.0.214.108,172.16.63.46,2023-02-09T16:49:51,0
5349,1046,login_failure,HIGH,10.1.15.51,10.0.234.74,2023-04-21T19:54:05,1
5350,1002,config_change,MEDIUM,172.16.27.200,192.168.35.235,2024-08-04T17:01:30,1
5351,1070,config_change,MEDIUM,172.16.151.139,192.168.245.208,2023-10-01T17:33:09,0
5352,1046,privilege_escalation,HIGH,10.1.86.64,172.16.158.131,2023-12-08T12:18:48,1
5353,1030,privilege_escalation,MEDIUM,172.16.233.147,172.16.53.253,2024-03-17T03:53:03,1
5354,1061,login_failure,CRITICAL,10.0.231.70,192.168.165.188,2023-03-16T01:15:55,0
5355,1074,anomalous_traffic,CRITICAL,10.0.120.191,192.168.182.223,2024-05-28T17:54:39,0
5356,1061,privilege_escalation,HIGH,192.168.19.244,192.168.152.83,2024-08-18T11:55:08,1
5357,1074,config_change,LOW,192.168.160.141,192.168.8.12,2024-08-01T20:34:35,1
5358,1029,authentication_bypass,LOW,10.0.58.197,192.168.46.201,2023-04-07T19:54:21,0
5359,1068,login_failure,LOW,10.1.81.81,192.168.112.122,2023-10-28T10:17:18,0
5360,1031,config_change,LOW,10.1.19.228,10.1.24.140,2024-10-04T12:42:56,1
5361,1003,privilege_escalation,MEDIUM,172.16.80.197,10.1.223.131,2023-08-01T08:15:38,0
5362,1001,login_failure,LOW,172.16.228.220,10.1.127.113,2024-06-23T21:17:40,0
5363,1036,service_restart,MEDIUM,10.1.113.60,10.1.162.187,2024-07-19T18:03:00,0
5364,1010,data_export,LOW,10.0.175.112,192.168.63.40,2023-04-17T08:37:10,1
5365,1042,privilege_escalation,MEDIUM,192.168.127.160,172.16.192.35,2023-07-23T20:46:17,0
5366,1070,file_access,LOW,10.1.234.61,10.1.236.30,2023-06-27T00:36:16,1
5367,1027,authentication_bypass,MEDIUM,172.16.7.107,10.0.117.150,2024-03-29T03:46:18,1
5368,1059,service_restart,LOW,172.16.162.203,192.168.16.23,2023-11-07T03:22:52,0
5369,1028,network_scan,LOW,192.168.204.108,192.168.212.159,2024-10-31T18:26:50,1
5370,1063,login_failure,HIGH,172.16.117.59,10.0.68.240,2024-12-18T00:34:21,0
5371,1039,anomalous_traffic,LOW,10.1.38.226,192.168.172.254,2024-07-18T20:20:22,1
5372,1044,login_failure,HIGH,10.1.20.208,10.0.12.6,2023-10-23T12:27:25,1
5373,1026,privilege_escalation,LOW,192.168.233.32,192.168.31.223,2024-06-23T07:59:42,0
5374,1019,file_access,MEDIUM,10.0.115.245,172.16.31.177,2024-01-31T20:47:16,1
5375,1032,data_export,HIGH,192.168.11.104,10.0.16.236,2024-01-04T08:47:30,1
5376,1048,config_change,MEDIUM,10.1.183.15,10.0.145.12,2024-06-08T11:05:52,1
5377,1002,login_success,LOW,10.0.175.246,10.1.5.130,2023-07-21T11:10:51,0
5378,1006,service_restart,LOW,10.0.227.232,10.1.178.87,2023-06-18T08:27:20,1
5379,1008,network_scan,MEDIUM,192.168.30.117,10.1.165.244,2023-04-05T19:10:22,1
5380,1055,login_failure,LOW,172.16.81.240,172.16.143.141,2024-01-22T05:15:48,0
5381,1051,service_restart,MEDIUM,192.168.41.178,10.1.174.135,2024-01-08T09:48:46,0
5382,1052,anomalous_traffic,LOW,172.16.253.135,10.0.143.172,2024-03-07T12:08:59,0
5383,1002,network_scan,LOW,192.168.222.210,172.16.157.194,2024-06-12T01:11:27,1
5384,1041,data_export,HIGH,10.0.122.135,192.168.143.167,2024-03-17T14:58:31,0
5385,1035,login_failure,LOW,172.16.243.139,192.168.210.138,2023-09-10T20:47:39,1
5386,1061,file_access,MEDIUM,192.168.144.113,10.1.208.214,2023-07-31T01:47:21,1
5387,1068,network_scan,MEDIUM,10.1.142.197,172.16.18.21,2024-12-10T03:50:52,1
5388,1008,authentication_bypass,CRITICAL,192.168.200.65,10.0.90.60,2023-06-06T04:14:23,1
5389,1066,authentication_bypass,MEDIUM,192.168.155.250,10.0.131.10,2023-12-03T07:31:05,1
5390,1063,privilege_escalation,HIGH,172.16.35.152,192.168.198.241,2024-08-08T01:54:06,1
5391,1028,authentication_bypass,MEDIUM,10.0.252.34,10.1.6.20,2023-11-10T07:08:01,1
5392,1061,service_restart,MEDIUM,192.168.115.168,10.0.212.225,2023-03-22T22:57:29,1
5393,1043,config_change,LOW,172.16.169.118,10.0.125.184,2023-07-08T02:59:51,0
5394,1065,login_failure,LOW,172.16.193.15,192.168.182.65,2024-01-12T14:15:41,1
5395,1037,config_change,LOW,192.168.67.15,172.16.90.136,2023-07-16T00:31:51,1
5396,1055,data_export,CRITICAL,192.168.43.174,172.16.246.190,2023-02-04T23:20:57,0
5397,1035,network_scan,LOW,10.0.175.160,10.0.173.97,2024-10-01T08:36:08,0
5398,1046,anomalous_traffic,MEDIUM,192.168.214.164,192.168.78.22,2023-09-24T05:26:08,1
5399,1048,anomalous_traffic,LOW,10.0.141.64,10.1.60.63,2024-06-01T09:55:27,1
5400,1073,data_export,LOW,172.16.117.188,172.16.72.200,2023-01-08T02:27:59,1
5401,1015,privilege_escalation,HIGH,10.1.13.52,10.1.203.230,2023-02-25T21:17:25,1
5402,1064,service_restart,MEDIUM,192.168.160.72,192.168.162.224,2024-03-12T21:23:50,1
5403,1021,network_scan,LOW,192.168.16.138,192.168.120.126,2024-12-12T20:49:04,0
5404,1005,network_scan,LOW,10.0.95.138,172.16.4.229,2023-12-27T07:47:10,0
5405,1064,data_export,HIGH,172.16.197.20,192.168.87.197,2023-07-23T03:31:54,0
5406,1036,authentication_bypass,LOW,192.168.188.131,192.168.226.140,2024-12-10T14:18:17,1
5407,1050,service_restart,LOW,192.168.254.229,172.16.40.127,2023-01-15T08:14:57,0
5408,1013,privilege_escalation,MEDIUM,172.16.28.69,10.1.34.214,2023-02-22T17:38:01,0
5409,1033,login_failure,MEDIUM,172.16.196.123,10.0.196.242,2023-04-30T17:18:54,1
5410,1005,privilege_escalation,CRITICAL,172.16.108.86,172.16.214.156,2024-07-27T23:29:15,0
5411,1014,network_scan,LOW,172.16.30.241,10.1.161.46,2024-08-07T19:41:10,0
5412,1016,privilege_escalation,HIGH,10.1.174.181,172.16.9.209,2023-11-16T11:59:25,1
5413,1014,authentication_bypass,CRITICAL,10.0.242.5,172.16.183.253,2024-08-04T20:51:29,1
5414,1030,login_success,LOW,172.16.157.241,172.16.68.109,2023-03-08T15:07:11,1
5415,1073,config_change,LOW,10.1.36.138,10.1.131.28,2024-07-12T03:43:33,1
5416,1036,anomalous_traffic,CRITICAL,172.16.218.25,172.16.22.239,2024-07-21T20:46:52,1
5417,1025,authentication_bypass,CRITICAL,172.16.215.112,10.1.19.177,2024-05-31T15:48:30,0
5418,1054,login_failure,MEDIUM,10.1.166.140,10.0.104.127,2023-04-16T19:12:11,1
5419,1060,login_success,MEDIUM,172.16.124.240,10.1.24.249,2023-09-27T02:13:36,1
5420,1054,privilege_escalation,HIGH,172.16.229.22,192.168.82.252,2023-11-01T08:56:29,0
5421,1026,login_failure,LOW,10.0.22.227,192.168.98.217,2023-07-30T08:47:36,1
5422,1064,privilege_escalation,LOW,192.168.249.53,172.16.72.222,2024-09-17T16:55:57,1
5423,1074,login_failure,MEDIUM,172.16.195.35,192.168.143.58,2023-12-05T13:29:34,1
5424,1018,login_failure,HIGH,10.1.1.209,192.168.135.192,2024-07-30T06:30:19,1
5425,1051,data_export,MEDIUM,192.168.167.247,10.1.140.163,2023-07-02T18:24:17,0
5426,1068,anomalous_traffic,LOW,192.168.135.32,192.168.131.139,2024-09-22T14:49:44,0
5427,1040,login_success,MEDIUM,10.1.244.188,10.1.180.63,2024-07-06T21:16:44,0
5428,1007,anomalous_traffic,HIGH,192.168.36.88,10.1.58.245,2023-05-06T08:09:39,1
5429,1005,login_success,MEDIUM,192.168.113.200,10.1.103.152,2023-12-15T05:41:14,1
5430,1025,anomalous_traffic,HIGH,172.16.143.187,10.1.69.36,2024-07-25T14:17:32,1
5431,1010,network_scan,LOW,10.1.169.5,172.16.175.215,2023-04-04T23:44:11,0
5432,1033,privilege_escalation,HIGH,10.1.36.162,192.168.100.188,2024-11-26T03:36:13,1
5433,1029,service_restart,LOW,10.1.23.30,192.168.13.117,2024-04-27T06:57:15,1
5434,1050,privilege_escalation,LOW,172.16.12.131,192.168.210.167,2024-09-22T12:14:00,1
5435,1005,network_scan,LOW,10.1.49.75,192.168.248.101,2024-11-25T13:22:33,1
5436,1033,service_restart,LOW,10.1.74.4,172.16.14.158,2023-06-25T02:48:42,0
5437,1007,privilege_escalation,HIGH,192.168.196.113,10.1.75.166,2023-03-07T20:46:15,1
5438,1039,login_failure,LOW,10.1.195.162,10.1.41.107,2023-05-03T04:45:02,0
5439,1014,login_failure,HIGH,192.168.160.247,172.16.94.244,2023-08-31T10:25:18,0
5440,1041,login_failure,MEDIUM,10.1.79.203,192.168.54.240,2023-10-10T21:15:08,1
5441,1062,anomalous_traffic,HIGH,172.16.8.74,10.1.40.119,2023-09-18T00:33:22,1
5442,1017,privilege_escalation,HIGH,192.168.235.142,192.168.54.129,2024-06-25T15:28:59,1
5443,1015,login_success,MEDIUM,10.0.3.169,192.168.194.240,2024-05-28T04:48:12,1
5444,1001,data_export,HIGH,10.0.170.193,10.1.201.143,2023-08-29T15:13:23,1
5445,1048,config_change,LOW,10.1.234.121,192.168.26.13,2023-04-17T06:48:54,1
5446,1001,authentication_bypass,HIGH,10.0.230.13,172.16.34.198,2023-10-30T14:59:39,1
5447,1068,privilege_escalation,LOW,10.0.94.209,10.1.22.32,2024-07-15T02:53:13,0
5448,1066,privilege_escalation,MEDIUM,172.16.88.178,172.16.44.135,2024-08-29T08:34:05,0
5449,1039,config_change,LOW,10.1.208.20,172.16.189.129,2024-10-18T20:15:54,1
5450,1042,file_access,LOW,10.1.246.96,10.1.50.236,2023-04-30T12:16:44,1
5451,1046,privilege_escalation,HIGH,192.168.135.60,172.16.205.27,2023-01-02T21:32:15,1
5452,1010,authentication_bypass,MEDIUM,192.168.3.251,10.1.68.218,2024-02-06T22:44:31,1
5453,1034,authentication_bypass,LOW,172.16.167.118,192.168.118.246,2024-05-23T06:53:20,0
5454,1069,privilege_escalation,CRITICAL,172.16.207.247,10.1.161.85,2024-11-18T06:19:39,1
5455,1056,privilege_escalation,HIGH,192.168.48.172,10.0.23.162,2023-09-13T03:17:27,0
5456,1007,network_scan,MEDIUM,10.0.45.29,192.168.164.235,2024-10-08T19:30:01,1
5457,1002,anomalous_traffic,LOW,192.168.89.105,10.1.217.249,2024-05-01T16:23:24,1
5458,1043,login_failure,HIGH,172.16.162.80,10.0.99.37,2024-12-07T20:26:34,1
5459,1016,authentication_bypass,HIGH,172.16.85.155,10.0.126.65,2024-04-19T23:43:17,1
5460,1055,config_change,LOW,10.0.69.7,10.1.230.16,2023-03-17T19:54:29,1
5461,1061,anomalous_traffic,HIGH,10.0.123.93,192.168.240.191,2024-02-01T09:13:21,1
5462,1027,data_export,LOW,172.16.216.223,192.168.4.40,2023-03-10T23:33:56,0
5463,1037,config_change,MEDIUM,10.1.154.152,192.168.108.107,2024-05-18T17:08:27,1
5464,1055,anomalous_traffic,MEDIUM,172.16.104.37,10.1.218.181,2024-06-27T21:21:19,1
5465,1014,config_change,LOW,10.0.96.168,172.16.146.232,2023-02-25T05:14:35,1
5466,1054,data_export,CRITICAL,10.1.119.231,10.0.40.154,2024-02-12T17:10:33,1
5467,1043,authentication_bypass,HIGH,192.168.171.35,10.0.33.80,2023-07-17T05:25:20,1
5468,1026,privilege_escalation,LOW,172.16.89.115,10.1.248.32,2024-06-24T11:44:19,0
5469,1026,login_failure,CRITICAL,192.168.109.79,192.168.201.218,2023-01-31T08:23:03,1
5470,1072,file_access,LOW,192.168.183.238,192.168.221.110,2023-03-02T00:56:53,1
5471,1066,privilege_escalation,HIGH,192.168.89.131,172.16.127.77,2023-03-12T12:19:44,1
5472,1036,login_success,LOW,10.0.131.79,10.1.94.88,2024-03-30T14:13:52,0
5473,1002,authentication_bypass,HIGH,10.1.83.234,172.16.227.242,2024-04-30T02:31:39,1
5474,1059,privilege_escalation,HIGH,192.168.221.129,10.1.216.132,2024-06-01T01:59:23,0
5475,1043,privilege_escalation,LOW,10.1.46.189,10.1.195.104,2023-03-25T09:11:56,1
5476,1047,privilege_escalation,HIGH,10.1.34.239,192.168.161.21,2024-03-17T19:56:24,0
5477,1051,authentication_bypass,MEDIUM,10.1.171.29,172.16.225.190,2024-02-26T03:46:28,1
5478,1025,authentication_bypass,HIGH,172.16.80.215,10.0.30.156,2024-12-11T03:33:17,1
5479,1061,login_failure,LOW,10.1.243.238,172.16.99.54,2023-05-15T08:26:47,1
5480,1065,privilege_escalation,LOW,172.16.239.73,172.16.221.100,2024-03-16T06:19:18,0
5481,1063,login_failure,CRITICAL,172.16.74.166,10.1.203.121,2023-06-10T12:21:31,1
5482,1002,service_restart,LOW,10.1.61.137,10.0.13.181,2023-02-27T21:38:59,0
5483,1027,config_change,LOW,172.16.253.82,10.1.19.92,2024-09-19T17:28:20,1
5484,1027,authentication_bypass,MEDIUM,10.1.106.193,192.168.82.127,2023-12-18T11:08:50,1
5485,1070,login_success,MEDIUM,10.1.157.97,172.16.140.253,2023-06-10T21:38:07,1
5486,1034,privilege_escalation,CRITICAL,172.16.197.31,172.16.150.166,2023-01-07T18:21:36,0
5487,1015,file_access,MEDIUM,192.168.230.226,10.1.93.158,2023-09-23T18:03:16,1
5488,1021,authentication_bypass,HIGH,192.168.191.129,192.168.116.20,2023-07-12T16:11:38,0
5489,1052,login_success,LOW,10.0.159.61,10.1.74.20,2023-06-29T06:51:31,0
5490,1002,anomalous_traffic,HIGH,10.0.161.247,10.1.176.245,2023-11-13T14:29:50,1
5491,1069,login_failure,HIGH,10.1.119.204,10.1.179.107,2024-09-18T20:50:18,1
5492,1068,service_restart,LOW,10.1.200.42,192.168.158.97,2024-06-11T16:02:07,0
5493,1001,login_success,MEDIUM,192.168.126.169,10.1.7.123,2024-11-04T00:40:32,1
5494,1014,file_access,LOW,192.168.73.98,192.168.78.66,2024-06-22T09:22:12,1
5495,1014,data_export,MEDIUM,192.168.255.231,10.1.168.36,2024-10-13T11:19:39,0
5496,1050,privilege_escalation,HIGH,10.0.88.248,192.168.84.131,2023-05-24T02:43:48,1
5497,1051,anomalous_traffic,CRITICAL,10.1.167.71,10.0.181.68,2023-06-15T04:05:32,1
5498,1011,service_restart,MEDIUM,10.0.227.61,10.0.143.40,2023-06-05T12:11:10,1
5499,1061,config_change,LOW,172.16.236.111,192.168.149.81,2023-05-06T04:57:07,0
5500,1024,authentication_bypass,LOW,172.16.55.81,10.1.41.151,2024-01-27T03:36:13,1
